{
  "3": [
    16.402681350708008,
    -7.988461494445801,
    33.62458801269531
  ],
  "2": [
    15.591934204101562,
    -7.278398513793945,
    33.739627838134766
  ],
  "4": [
    15.778783798217773,
    -8.315228462219238,
    32.940425872802734
  ],
  "1": [
    16.14034080505371,
    -7.555959224700928,
    32.35188674926758
  ],
  "0": [
    15.567961692810059,
    -6.890905857086182,
    32.855499267578125
  ]
}