{
  "31": [
    6.2867865562438965,
    8.081146240234375,
    5.5281219482421875
  ],
  "27": [
    7.372676372528076,
    7.595220565795898,
    6.577064037322998
  ],
  "3": [
    7.086610794067383,
    8.143205642700195,
    7.033452033996582
  ],
  "11": [
    5.572292327880859,
    7.278543949127197,
    7.427216529846191
  ],
  "10": [
    5.350169658660889,
    7.043615341186523,
    7.534270286560059
  ],
  "2": [
    6.788167476654053,
    8.281085014343262,
    6.7194929122924805
  ],
  "26": [
    7.066783428192139,
    7.648448944091797,
    5.974606513977051
  ],
  "30": [
    5.212372303009033,
    8.486655235290527,
    5.412090301513672
  ],
  "9": [
    5.525681972503662,
    8.366340637207031,
    5.970322132110596
  ],
  "17": [
    5.542790412902832,
    7.6591033935546875,
    7.117013454437256
  ],
  "37": [
    4.785151958465576,
    8.87974739074707,
    6.001955032348633
  ],
  "21": [
    4.212947845458984,
    8.048711776733398,
    5.957503318786621
  ],
  "5": [
    6.7900261878967285,
    8.993021011352539,
    5.792793273925781
  ],
  "4": [
    6.400387763977051,
    8.985544204711914,
    5.376419544219971
  ],
  "20": [
    7.208842754364014,
    8.540023803710938,
    6.300017833709717
  ],
  "36": [
    4.85990047454834,
    8.792826652526855,
    6.751914024353027
  ],
  "16": [
    5.954930305480957,
    9.214678764343262,
    5.3167524337768555
  ],
  "8": [
    6.348310470581055,
    9.195672988891602,
    6.059924602508545
  ],
  "15": [
    7.157260417938232,
    7.155064582824707,
    6.635684967041016
  ],
  "19": [
    6.092491626739502,
    7.804142951965332,
    6.804603576660156
  ],
  "7": [
    7.0161542892456055,
    6.942243576049805,
    6.982065200805664
  ],
  "23": [
    5.4838738441467285,
    -5.949089527130127,
    12.221074104309082
  ],
  "35": [
    4.828566551208496,
    9.006109237670898,
    6.45658016204834
  ],
  "34": [
    4.436396598815918,
    8.58804702758789,
    6.13491153717041
  ],
  "22": [
    6.938124179840088,
    8.178092002868652,
    6.024692058563232
  ],
  "6": [
    4.894339084625244,
    7.289575576782227,
    7.015410423278809
  ],
  "18": [
    4.555085182189941,
    8.702749252319336,
    5.343148231506348
  ],
  "38": [
    5.247747421264648,
    -6.125783443450928,
    12.001651763916016
  ],
  "14": [
    5.966286659240723,
    7.8035054206848145,
    7.383631229400635
  ],
  "1": [
    5.198906421661377,
    -5.908537864685059,
    11.955817222595215
  ],
  "25": [
    4.3087053298950195,
    7.978707313537598,
    6.313411712646484
  ],
  "33": [
    4.856368541717529,
    7.574739933013916,
    6.749322891235352
  ],
  "13": [
    7.237395286560059,
    8.633301734924316,
    6.654111385345459
  ],
  "29": [
    5.060227394104004,
    -5.93615198135376,
    11.816095352172852
  ],
  "28": [
    4.47543478012085,
    8.63184642791748,
    5.676813125610352
  ],
  "12": [
    6.861294746398926,
    7.152128219604492,
    6.876097202301025
  ],
  "32": [
    5.560883522033691,
    9.076361656188965,
    5.332606315612793
  ],
  "24": [
    6.482577800750732,
    8.036608695983887,
    6.409717082977295
  ],
  "0": [
    5.055271625518799,
    8.678292274475098,
    5.7794389724731445
  ]
}